{
  "manifest.json": 1680079426492,
  "utils/locate-reuse-libs.js": 1680047984533,
  "model/models.js": 1680047984537,
  "controller/View1.controller.js": 1680079415321,
  "controller/App.controller.js": 1680047984545,
  "i18n/i18n.properties": 1680048025093,
  "Component.js": 1680047984525,
  "Component-dbg.js": 1680047984525,
  "Component.js.map": 1680079426794,
  "model/models-dbg.js": 1680047984537,
  "model/models.js.map": 1680079426760,
  "controller/View1-dbg.controller.js": 1680079415321,
  "controller/View1.controller.js.map": 1680079426803,
  "controller/App-dbg.controller.js": 1680047984545,
  "controller/App.controller.js.map": 1680079426784,
  "utils/locate-reuse-libs-dbg.js": 1680047984533,
  "utils/locate-reuse-libs.js.map": 1680079426799,
  "Component-preload.js": 1680079426977,
  "Component-preload.js.map": 1680079426977,
  "view/View1.view.xml": 1680075481821,
  "view/App.view.xml": 1680047984549,
  "css/style.css": 1680048256278,
  "index.html": 1680047984525
}